sample_id,source_type,theme,selected_theme,search_mode,topic,difficulty,tags,notes,question,reference,response,retrieved_contexts,retrieved_context_ids,latency_ms,raw_payload,coverage,clarity,faithfulness,context_precision,context_recall,answer_accuracy,bleu_score,rouge_score,grounded_or_honest_refusal
g_0001,golden,troubleshooting,troubleshooting,text,machine_power_black_screen,medium,startup;black_screen;power;emergency_stop;logs,provided by colleague; original category=depannage,"La machine ne démarre pas, l’écran reste noir. Que dois-je faire ?","Commencer par les vérifications d’alimentation et de sécurité : arrêt d’urgence enclenché, interrupteur principal sur ON, prises et câbles correctement connectés, disjoncteurs/fusibles dans l’armoire électrique en état correct. Si la machine semble démarrer mais que l’écran reste noir, vérifier l’alimentation de l’écran et sa connexion au PC industriel. Lorsque le courant arrive et que le PC tourne, attendre environ 30 secondes pour l’initialisation du noyau, vérifier qu’aucun blocage de licence ne masque l’interface, puis vérifier les fichiers de configuration. Même écran noir, rechercher un message ou code d’erreur dans les fichiers log.","Le contexte fourni ne contient pas d'informations concernant la procédure de démarrage de la machine ou la résolution d'un écran noir.

Les documents consultés, tels que **mds_channel_parameter_en.pdf** (pages 82, 132, 250, 285) et **mds_axis_parameter_en.pdf** (page 450), traitent de paramètres spécifiques (kasto_reject_rest_block, cax_face_id, vib_guard.freq, simu_output_wcs, edge_machining.enable) et ne couvrent pas le problème de démarrage.","[""2.4.3 Reject rest block (P-CHAN-00149)\nDescription, Reject residual block at edge banding on receipt of the measurement signal and continue with next NC block = After output and acknowledgement of the specific edge banding M function, motion is not continued to the target point of the original measurement block. After an automatic posi\u0002 tion request, machining is continued with the next NC block.. Parameter, Reject residual block at edge banding on receipt of the measurement signal and continue with next NC block = kasto_reject_rest_block. Data type, Reject residual block at edge banding on receipt of the measurement signal and continue with next NC block = BOOLEAN. Data range, Reject residual block at edge banding on receipt of the measurement signal and continue with next NC block = 0/1. Dimension, Reject residual block at edge banding on receipt of the measurement signal and continue with next NC block = ----. Default value, Reject residual block at edge banding on receipt of the measurement signal and continue with next NC block = 0. Remarks, Reject residual block at edge banding on receipt of the measurement signal and continue with next NC block = It only makes sense to use this parameter if P-CHAN-00029 (kasto_multi_block) is assigned FALSE. Parameterisation example: Reject the residual block and the following position request is enabled. kasto_reject_rest_block     1"", ""Machine ID with C axis face machining (P-CHAN-00008)\nDescription, Machine ID with C axis face machining = This parameter defines the type of machine used for face machining.. Parameter, Machine ID with C axis face machining = cax_face_id. Data type, Machine ID with C axis face machining = UNS16. Data range, Machine ID with C axis face machining = 1: Lathe (180° alignment) 2: Milling machines (no alignment). Dimension, Machine ID with C axis face machining = ----. Default value, Machine ID with C axis face machining = 0. Remarks, Machine ID with C axis face machining = Parameterisation example: Face machining takes place on a milling machine. cax_face_id     2"", ""13.3.3 Machine natural frequency (P-AXIS-00589)\nDescription, Machine natural frequency = This parameter specifies the machine’s natural frequency which the Vibration Guard func\u0002 tion will attenuate.. Description, Machine natural frequency = This parameter specifies the machine’s natural frequency which the Vibration Guard func\u0002 tion will attenuate.. Parameter, Machine natural frequency = vib_guard.freq. Parameter, Machine natural frequency = vib_guard.freq. Data type, Machine natural frequency = REAL64. Data type, Machine natural frequency = REAL64. Data range, Machine natural frequency = 1 ≤ freq. Data range, Machine natural frequency = 1 ≤ freq. Axis types, Machine natural frequency = T, R, S. Axis types, Machine natural frequency = T, R, S. Unit, Machine natural frequency = T: Hz. Unit, Machine natural frequency = R,S: Hz. Default value, Machine natural frequency = 30. Default value, Machine natural frequency = 30. Drive types, Machine natural frequency = ----. Drive types, Machine natural frequency = ----. Remarks, Machine natural frequency = The parameter is available as of V3.1.3075.00. Remarks, Machine natural frequency = The parameter is available as of V3.1.3075.00"", ""2.76.4 Display format during machining simulation (P-CHAN-00121)\nDescription, Display format during machining simulation = This parameter switches over the format of display data for the coordinate system at the interface of the machining simulation.. Parameter, Display format during machining simulation = simu_output_wcs. Data type, Display format during machining simulation = BOOLEAN. Data range, Display format during machining simulation = 0: Display of axis coordinates including offsets (machine coordinates) 1: Display of absolute coordinates without offsets (programmed coordinates). Dimension, Display format during machining simulation = ----. Default value, Display format during machining simulation = 0. Remarks, Display format during machining simulation ="", ""2.59.1 Enable / disable (P-CHAN-00220)\nDescription, Enable / disable the edge machining function = Parameter for activating/deactivating the edge machining function.. Parameter, Enable / disable the edge machining function = edge_machining.enable. Data type, Enable / disable the edge machining function = BOOLEAN. Data range, Enable / disable the edge machining function = 0: Edge machining function is inactive (default). 1: Edge machining function is active.. Dimension, Enable / disable the edge machining function = ----. Default value, Enable / disable the edge machining function = 0. Remarks, Enable / disable the edge machining function = edge_machining.f_enable (old syntax up to V2.11.2022.13)""]","[""66cee7be-fd3c-4e70-84a5-cca24d624e74"", ""a6b6c09c-672f-43f0-8536-8bedf3dcbc08"", ""e7de008b-615a-48e7-b8ad-0008718e62a2"", ""36199115-c959-422b-9401-91bcc0dc1c56"", ""012a51c5-cc6a-4f30-af3b-f7ae5540266a""]",38627.49071000007,"{""response"": ""Le contexte fourni ne contient pas d'informations concernant la procédure de démarrage de la machine ou la résolution d'un écran noir.\n\nLes documents consultés, tels que **mds_channel_parameter_en.pdf** (pages 82, 132, 250, 285) et **mds_axis_parameter_en.pdf** (page 450), traitent de paramètres spécifiques (kasto_reject_rest_block, cax_face_id, vib_guard.freq, simu_output_wcs, edge_machining.enable) et ne couvrent pas le problème de démarrage."", ""retrieved_contexts"": [""2.4.3 Reject rest block (P-CHAN-00149)\nDescription, Reject residual block at edge banding on receipt of the measurement signal and continue with next NC block = After output and acknowledgement of the specific edge banding M function, motion is not continued to the target point of the original measurement block. After an automatic posi\u0002 tion request, machining is continued with the next NC block.. Parameter, Reject residual block at edge banding on receipt of the measurement signal and continue with next NC block = kasto_reject_rest_block. Data type, Reject residual block at edge banding on receipt of the measurement signal and continue with next NC block = BOOLEAN. Data range, Reject residual block at edge banding on receipt of the measurement signal and continue with next NC block = 0/1. Dimension, Reject residual block at edge banding on receipt of the measurement signal and continue with next NC block = ----. Default value, Reject residual block at edge banding on receipt of the measurement signal and continue with next NC block = 0. Remarks, Reject residual block at edge banding on receipt of the measurement signal and continue with next NC block = It only makes sense to use this parameter if P-CHAN-00029 (kasto_multi_block) is assigned FALSE. Parameterisation example: Reject the residual block and the following position request is enabled. kasto_reject_rest_block     1"", ""Machine ID with C axis face machining (P-CHAN-00008)\nDescription, Machine ID with C axis face machining = This parameter defines the type of machine used for face machining.. Parameter, Machine ID with C axis face machining = cax_face_id. Data type, Machine ID with C axis face machining = UNS16. Data range, Machine ID with C axis face machining = 1: Lathe (180° alignment) 2: Milling machines (no alignment). Dimension, Machine ID with C axis face machining = ----. Default value, Machine ID with C axis face machining = 0. Remarks, Machine ID with C axis face machining = Parameterisation example: Face machining takes place on a milling machine. cax_face_id     2"", ""13.3.3 Machine natural frequency (P-AXIS-00589)\nDescription, Machine natural frequency = This parameter specifies the machine’s natural frequency which the Vibration Guard func\u0002 tion will attenuate.. Description, Machine natural frequency = This parameter specifies the machine’s natural frequency which the Vibration Guard func\u0002 tion will attenuate.. Parameter, Machine natural frequency = vib_guard.freq. Parameter, Machine natural frequency = vib_guard.freq. Data type, Machine natural frequency = REAL64. Data type, Machine natural frequency = REAL64. Data range, Machine natural frequency = 1 ≤ freq. Data range, Machine natural frequency = 1 ≤ freq. Axis types, Machine natural frequency = T, R, S. Axis types, Machine natural frequency = T, R, S. Unit, Machine natural frequency = T: Hz. Unit, Machine natural frequency = R,S: Hz. Default value, Machine natural frequency = 30. Default value, Machine natural frequency = 30. Drive types, Machine natural frequency = ----. Drive types, Machine natural frequency = ----. Remarks, Machine natural frequency = The parameter is available as of V3.1.3075.00. Remarks, Machine natural frequency = The parameter is available as of V3.1.3075.00"", ""2.76.4 Display format during machining simulation (P-CHAN-00121)\nDescription, Display format during machining simulation = This parameter switches over the format of display data for the coordinate system at the interface of the machining simulation.. Parameter, Display format during machining simulation = simu_output_wcs. Data type, Display format during machining simulation = BOOLEAN. Data range, Display format during machining simulation = 0: Display of axis coordinates including offsets (machine coordinates) 1: Display of absolute coordinates without offsets (programmed coordinates). Dimension, Display format during machining simulation = ----. Default value, Display format during machining simulation = 0. Remarks, Display format during machining simulation ="", ""2.59.1 Enable / disable (P-CHAN-00220)\nDescription, Enable / disable the edge machining function = Parameter for activating/deactivating the edge machining function.. Parameter, Enable / disable the edge machining function = edge_machining.enable. Data type, Enable / disable the edge machining function = BOOLEAN. Data range, Enable / disable the edge machining function = 0: Edge machining function is inactive (default). 1: Edge machining function is active.. Dimension, Enable / disable the edge machining function = ----. Default value, Enable / disable the edge machining function = 0. Remarks, Enable / disable the edge machining function = edge_machining.f_enable (old syntax up to V2.11.2022.13)""], ""retrieved_context_ids"": [""66cee7be-fd3c-4e70-84a5-cca24d624e74"", ""a6b6c09c-672f-43f0-8536-8bedf3dcbc08"", ""e7de008b-615a-48e7-b8ad-0008718e62a2"", ""36199115-c959-422b-9401-91bcc0dc1c56"", ""012a51c5-cc6a-4f30-af3b-f7ae5540266a""], ""retrieved_context_metadata"": [{""filename"": ""mds_channel_parameter_en.pdf"", ""page_no"": 82, ""heading"": [""2.4.3 Reject rest block (P-CHAN-00149)""], ""_id"": ""66cee7be-fd3c-4e70-84a5-cca24d624e74"", ""_collection_name"": ""Manuals""}, {""filename"": ""mds_channel_parameter_en.pdf"", ""page_no"": 132, ""heading"": [""Machine ID with C axis face machining (P-CHAN-00008)""], ""_id"": ""a6b6c09c-672f-43f0-8536-8bedf3dcbc08"", ""_collection_name"": ""Manuals""}, {""filename"": ""mds_axis_parameter_en.pdf"", ""page_no"": 450, ""heading"": [""13.3.3 Machine natural frequency (P-AXIS-00589)""], ""_id"": ""e7de008b-615a-48e7-b8ad-0008718e62a2"", ""_collection_name"": ""Manuals""}, {""filename"": ""mds_channel_parameter_en.pdf"", ""page_no"": 285, ""heading"": [""2.76.4 Display format during machining simulation (P-CHAN-00121)""], ""_id"": ""36199115-c959-422b-9401-91bcc0dc1c56"", ""_collection_name"": ""Manuals""}, {""filename"": ""mds_channel_parameter_en.pdf"", ""page_no"": 250, ""heading"": [""2.59.1 Enable / disable (P-CHAN-00220)""], ""_id"": ""012a51c5-cc6a-4f30-af3b-f7ae5540266a"", ""_collection_name"": ""Manuals""}], ""latency_ms"": 38627.49071000007, ""theme"": null, ""mode"": ""text""}",missing,acceptable,0.6666666666666666,0.0,0.0,0.0,0.01254043066695146,0.13402061855670103,pass
g_0002,golden,troubleshooting,troubleshooting,text,nc_program_start_failure,hard,program_start;override;automatic_mode;D_StopConditions;syntax;error_log,provided by colleague; original category=depannage,"Le programme d'usinage ne se lance pas, que dois-je faire ?","Vérifier d’abord les oublis fréquents sur l’HMI : override à 0 %, mode non automatique, mode Single Block actif, canal en erreur nécessitant un CNC Reset, arrêt d’urgence enclenché. Vérifier ensuite l’état machine : axes référencés après homing/G74, variateurs prêts avec Enable, Enable_Positive et Enable_Negative à TRUE, absence de fin de course logicielle, portes/carters fermés. Si le programme est lancé mais figé, consulter D_StopConditions : 0x0001 SC_FEEDHOLD, 0x0020 SC_PLC_ACK, 0x00020000 SC_WAIT_TECHNO pour attente d’acquittement M/S/T/H, 0x0040 SC_OVERRIDE_ZERO. Si le chargement échoue, vérifier l’en-tête %, le répertoire programme P-STUP-00018, les paramètres de cycles, la licence des fonctions avancées et le fichier error.log P-STUP-00170. En dernier recours, utiliser le syntax check et relever le code d’erreur exact.","D'après le contexte fourni, je ne peux pas répondre à votre question sur les problèmes de démarrage du programme d'usinage.

Les documents disponibles traitent des paramètres suivants :
- Types de mesure (mds_channel_parameter_en.pdf, page 91)
- Planification (mds_startup_list_en.pdf, page 35)
- Numéro MDT-Ident SERCOS (mds_axis_parameter_en.pdf, page 360)
- Fonctionnement Gantry (mds_axis_parameter_en.pdf, page 138)
- Base de temps de normalisation de la vitesse (mds_axis_parameter_en.pdf, page 325)

Aucun de ces documents ne contient d'informations sur les causes d'un programme d'usinage qui ne se lance pas, ni sur les étapes de dépannage correspondantes.

**Le contexte est insuffisant pour répondre à cette question.**","[""2.5.1 Measurement type (P-CHAN-00057)\nDescription, Predefine measurement type = Seven different measurement types are available. This element sets the required meas\u0002 urement type.. Parameter, Predefine measurement type = messtyp. Data type, Predefine measurement type = UNS16. Data range, Predefine measurement type = 1*: Measurement run with at least one axis, Measurement feed programmable by F word. 2*: Measurement run with exactly one axis. Measurement feed is specified in the axis data list. 3: Measurement run with at least one axis, Measurement feed programmable by F word, optionally continue motion up to the target point. 4: Measurement run only with the maximum of 3 main axes, Measurement feed programmable by F word. 5: Interruptible measurement run with at least one axis, Measurement feed programmable by F word. 6: Interruptible measurement run with at least one SERCOS axis, Measurement feed programmable by F word. 7*: Measurement run (G100) by moving to a fixed stop with at least one axis, Measurement feed programmable by F word.. Dimension, Predefine measurement type = ----. Default value, Predefine measurement type = 1. Remarks, Predefine measurement type = * for these measurement types a measurement run is also possible independent axes. This measurement type can be changed at any time in the NC program with #MEAS MODE or #MEAS [TYPE..]. Further information is described in detail in [PROG]. Parameterisation example: Select measurement type 3 for a measurement run with two axes and then continue motion up to the programmed target point. Measurement type     3"", ""3.32 Parameterising scheduling (P-STUP-00134)\nDescription, Parameterising scheduling = This parameter controls CNC scheduling. A distinction is made between 2 methods: Method 1: Control runs in the CNC for at least one axis. Scheduling executes the following se\u0002 quence: - Read actual values - Calculate position lags - Write velocity command values Method 2: All axes are position-controlled. Scheduling automatically executes the following changed sequence: - Read actual values - Write position command values - Calculate position for next cycle. Parameter, Parameterising scheduling = scheduling_position_controller. Data type, Parameterising scheduling = STRING. Data range, Parameterising scheduling = DEFAULT: Depending on axis control, the CNC decides on which scheduling mode is se\u0002 lected (mode 1 or 2). OPT_CNC_POS_CONTROL: Control in CNC; scheduling acc. to mode 1. OPT_DRIVE_POS_CONTROL: Control in the drives; scheduling acc. to mode 2. Dimension, Parameterising scheduling = ----. Default value, Parameterising scheduling = DEFAULT. Remarks, Parameterising scheduling ="", ""10.3.9.1 MDT-Ident number (P-AXIS-00090)\nDescription, MDT ID number (SERCOS) = The parameter defines the SERCOS ID number of telegram entry. It defines the se\u0002 quence in the MDT telegram.. Description, MDT ID number (SERCOS) = The parameter defines the SERCOS ID number of telegram entry. It defines the se\u0002 quence in the MDT telegram.. Parameter, MDT ID number (SERCOS) = antr.sercos.mdt[i].ident_nr. Parameter, MDT ID number (SERCOS) = antr.sercos.mdt[i].ident_nr. Data type, MDT ID number (SERCOS) = UNS16. Data type, MDT ID number (SERCOS) = UNS16. Data range, MDT ID number (SERCOS) = According to SERCOS specification + extensions. Data range, MDT ID number (SERCOS) = According to SERCOS specification + extensions. Axis types, MDT ID number (SERCOS) = T, R, S. Axis types, MDT ID number (SERCOS) = T, R, S. Dimension, MDT ID number (SERCOS) = T: ----. Dimension, MDT ID number (SERCOS) = R,S: ----. Default value, MDT ID number (SERCOS) = 0. Default value, MDT ID number (SERCOS) = 0. Drive types, MDT ID number (SERCOS) = SERCOS. Drive types, MDT ID number (SERCOS) = SERCOS. Remarks, MDT ID number (SERCOS) = This parameter ist used automatically in TwinCAT systems. Remarks, MDT ID number (SERCOS) = This parameter ist used automatically in TwinCAT systems"", ""4.6 Gantry operation\nAdditional monitoring mechanisms with regard to the deviation of the axis positions and special strategies for compensating for these deviations apply to gantry axes. Static (also mechanical) gantry mode is defined by configuration because the axis are firmly coupled to one another due to the machine structure. Dynamic (also programmable) gantry mode can be defined in the NC program. The axis parameters listed in the following table must be assigned depending on the type of gantry mode:"", ""10.1.3 Time base for normalisation of velocity (P-AXIS-00207)\nDescription, Time base for normalisation of velocity = The time base for adaptation of velocity interface to used unit in drive can be given as value per minute, second or sample interval. If the normalising per sample interval is se\u0002 lected, the output value changes proportional depending on CNC cycle time with constant velocity. This can be essential depending on drive.. Description, Time base for normalisation of velocity = The time base for adaptation of velocity interface to used unit in drive can be given as value per minute, second or sample interval. If the normalising per sample interval is se\u0002 lected, the output value changes proportional depending on CNC cycle time with constant velocity. This can be essential depending on drive.. Parameter, Time base for normalisation of velocity = antr.v_time_base. Parameter, Time base for normalisation of velocity = antr.v_time_base. Data type, Time base for normalisation of velocity = UNS16. Data type, Time base for normalisation of velocity = UNS16. Data range, Time base for normalisation of velocity = 0: per minute 1: per second 2: per sample interval. Data range, Time base for normalisation of velocity = 0: per minute 1: per second 2: per sample interval. Axis types, Time base for normalisation of velocity = T, R, S. Axis types, Time base for normalisation of velocity = T, R, S. Dimension, Time base for normalisation of velocity = T: ----. Dimension, Time base for normalisation of velocity = R,S: ----. Default value, Time base for normalisation of velocity = 0. Default value, Time base for normalisation of velocity = 0. Drive types, Time base for normalisation of velocity = SERCOS. Drive types, Time base for normalisation of velocity = SERCOS. Remarks, Time base for normalisation of velocity = . Remarks, Time base for normalisation of velocity =""]","[""5e9fa025-5c02-4878-a098-c6f6c3ada65b"", ""a40bb08e-9143-4dc7-ab11-00bcaf2b2c4e"", ""b3885ada-3924-4a1d-b216-953bd9d0679b"", ""160aef2a-650d-44d2-88a1-c017838df252"", ""8f86e23a-4957-4e9f-8a96-b8e95e4459b4""]",14256.902747999902,"{""response"": ""D'après le contexte fourni, je ne peux pas répondre à votre question sur les problèmes de démarrage du programme d'usinage.\n\nLes documents disponibles traitent des paramètres suivants :\n- Types de mesure (mds_channel_parameter_en.pdf, page 91)\n- Planification (mds_startup_list_en.pdf, page 35)\n- Numéro MDT-Ident SERCOS (mds_axis_parameter_en.pdf, page 360)\n- Fonctionnement Gantry (mds_axis_parameter_en.pdf, page 138)\n- Base de temps de normalisation de la vitesse (mds_axis_parameter_en.pdf, page 325)\n\nAucun de ces documents ne contient d'informations sur les causes d'un programme d'usinage qui ne se lance pas, ni sur les étapes de dépannage correspondantes.\n\n**Le contexte est insuffisant pour répondre à cette question.**"", ""retrieved_contexts"": [""2.5.1 Measurement type (P-CHAN-00057)\nDescription, Predefine measurement type = Seven different measurement types are available. This element sets the required meas\u0002 urement type.. Parameter, Predefine measurement type = messtyp. Data type, Predefine measurement type = UNS16. Data range, Predefine measurement type = 1*: Measurement run with at least one axis, Measurement feed programmable by F word. 2*: Measurement run with exactly one axis. Measurement feed is specified in the axis data list. 3: Measurement run with at least one axis, Measurement feed programmable by F word, optionally continue motion up to the target point. 4: Measurement run only with the maximum of 3 main axes, Measurement feed programmable by F word. 5: Interruptible measurement run with at least one axis, Measurement feed programmable by F word. 6: Interruptible measurement run with at least one SERCOS axis, Measurement feed programmable by F word. 7*: Measurement run (G100) by moving to a fixed stop with at least one axis, Measurement feed programmable by F word.. Dimension, Predefine measurement type = ----. Default value, Predefine measurement type = 1. Remarks, Predefine measurement type = * for these measurement types a measurement run is also possible independent axes. This measurement type can be changed at any time in the NC program with #MEAS MODE or #MEAS [TYPE..]. Further information is described in detail in [PROG]. Parameterisation example: Select measurement type 3 for a measurement run with two axes and then continue motion up to the programmed target point. Measurement type     3"", ""3.32 Parameterising scheduling (P-STUP-00134)\nDescription, Parameterising scheduling = This parameter controls CNC scheduling. A distinction is made between 2 methods: Method 1: Control runs in the CNC for at least one axis. Scheduling executes the following se\u0002 quence: - Read actual values - Calculate position lags - Write velocity command values Method 2: All axes are position-controlled. Scheduling automatically executes the following changed sequence: - Read actual values - Write position command values - Calculate position for next cycle. Parameter, Parameterising scheduling = scheduling_position_controller. Data type, Parameterising scheduling = STRING. Data range, Parameterising scheduling = DEFAULT: Depending on axis control, the CNC decides on which scheduling mode is se\u0002 lected (mode 1 or 2). OPT_CNC_POS_CONTROL: Control in CNC; scheduling acc. to mode 1. OPT_DRIVE_POS_CONTROL: Control in the drives; scheduling acc. to mode 2. Dimension, Parameterising scheduling = ----. Default value, Parameterising scheduling = DEFAULT. Remarks, Parameterising scheduling ="", ""10.3.9.1 MDT-Ident number (P-AXIS-00090)\nDescription, MDT ID number (SERCOS) = The parameter defines the SERCOS ID number of telegram entry. It defines the se\u0002 quence in the MDT telegram.. Description, MDT ID number (SERCOS) = The parameter defines the SERCOS ID number of telegram entry. It defines the se\u0002 quence in the MDT telegram.. Parameter, MDT ID number (SERCOS) = antr.sercos.mdt[i].ident_nr. Parameter, MDT ID number (SERCOS) = antr.sercos.mdt[i].ident_nr. Data type, MDT ID number (SERCOS) = UNS16. Data type, MDT ID number (SERCOS) = UNS16. Data range, MDT ID number (SERCOS) = According to SERCOS specification + extensions. Data range, MDT ID number (SERCOS) = According to SERCOS specification + extensions. Axis types, MDT ID number (SERCOS) = T, R, S. Axis types, MDT ID number (SERCOS) = T, R, S. Dimension, MDT ID number (SERCOS) = T: ----. Dimension, MDT ID number (SERCOS) = R,S: ----. Default value, MDT ID number (SERCOS) = 0. Default value, MDT ID number (SERCOS) = 0. Drive types, MDT ID number (SERCOS) = SERCOS. Drive types, MDT ID number (SERCOS) = SERCOS. Remarks, MDT ID number (SERCOS) = This parameter ist used automatically in TwinCAT systems. Remarks, MDT ID number (SERCOS) = This parameter ist used automatically in TwinCAT systems"", ""4.6 Gantry operation\nAdditional monitoring mechanisms with regard to the deviation of the axis positions and special strategies for compensating for these deviations apply to gantry axes. Static (also mechanical) gantry mode is defined by configuration because the axis are firmly coupled to one another due to the machine structure. Dynamic (also programmable) gantry mode can be defined in the NC program. The axis parameters listed in the following table must be assigned depending on the type of gantry mode:"", ""10.1.3 Time base for normalisation of velocity (P-AXIS-00207)\nDescription, Time base for normalisation of velocity = The time base for adaptation of velocity interface to used unit in drive can be given as value per minute, second or sample interval. If the normalising per sample interval is se\u0002 lected, the output value changes proportional depending on CNC cycle time with constant velocity. This can be essential depending on drive.. Description, Time base for normalisation of velocity = The time base for adaptation of velocity interface to used unit in drive can be given as value per minute, second or sample interval. If the normalising per sample interval is se\u0002 lected, the output value changes proportional depending on CNC cycle time with constant velocity. This can be essential depending on drive.. Parameter, Time base for normalisation of velocity = antr.v_time_base. Parameter, Time base for normalisation of velocity = antr.v_time_base. Data type, Time base for normalisation of velocity = UNS16. Data type, Time base for normalisation of velocity = UNS16. Data range, Time base for normalisation of velocity = 0: per minute 1: per second 2: per sample interval. Data range, Time base for normalisation of velocity = 0: per minute 1: per second 2: per sample interval. Axis types, Time base for normalisation of velocity = T, R, S. Axis types, Time base for normalisation of velocity = T, R, S. Dimension, Time base for normalisation of velocity = T: ----. Dimension, Time base for normalisation of velocity = R,S: ----. Default value, Time base for normalisation of velocity = 0. Default value, Time base for normalisation of velocity = 0. Drive types, Time base for normalisation of velocity = SERCOS. Drive types, Time base for normalisation of velocity = SERCOS. Remarks, Time base for normalisation of velocity = . Remarks, Time base for normalisation of velocity =""], ""retrieved_context_ids"": [""5e9fa025-5c02-4878-a098-c6f6c3ada65b"", ""a40bb08e-9143-4dc7-ab11-00bcaf2b2c4e"", ""b3885ada-3924-4a1d-b216-953bd9d0679b"", ""160aef2a-650d-44d2-88a1-c017838df252"", ""8f86e23a-4957-4e9f-8a96-b8e95e4459b4""], ""retrieved_context_metadata"": [{""filename"": ""mds_channel_parameter_en.pdf"", ""page_no"": 91, ""heading"": [""2.5.1 Measurement type (P-CHAN-00057)""], ""_id"": ""5e9fa025-5c02-4878-a098-c6f6c3ada65b"", ""_collection_name"": ""Manuals""}, {""filename"": ""mds_startup_list_en.pdf"", ""page_no"": 35, ""heading"": [""3.32 Parameterising scheduling (P-STUP-00134)""], ""_id"": ""a40bb08e-9143-4dc7-ab11-00bcaf2b2c4e"", ""_collection_name"": ""Manuals""}, {""filename"": ""mds_axis_parameter_en.pdf"", ""page_no"": 360, ""heading"": [""10.3.9.1 MDT-Ident number (P-AXIS-00090)""], ""_id"": ""b3885ada-3924-4a1d-b216-953bd9d0679b"", ""_collection_name"": ""Manuals""}, {""filename"": ""mds_axis_parameter_en.pdf"", ""page_no"": 138, ""heading"": [""4.6 Gantry operation""], ""_id"": ""160aef2a-650d-44d2-88a1-c017838df252"", ""_collection_name"": ""Manuals""}, {""filename"": ""mds_axis_parameter_en.pdf"", ""page_no"": 325, ""heading"": [""10.1.3 Time base for normalisation of velocity (P-AXIS-00207)""], ""_id"": ""8f86e23a-4957-4e9f-8a96-b8e95e4459b4"", ""_collection_name"": ""Manuals""}], ""latency_ms"": 14256.902747999902, ""theme"": null, ""mode"": ""text""}",missing,unclear,0.5,0.0,0.0,0.0,0.00499038242737305,0.09386281588447654,pass
g_0003,golden,troubleshooting,troubleshooting,text,tool_changer_intermediate_position,hard,tool_changer;manual_mode;MC_Reset;MC_Power;SC_WAIT_TECHNO;ECS;homing,provided by colleague; original category=depannage,"Le bras du changeur d'outils est resté bloqué en position intermédiaire, comment le réinitialiser manuellement ?","Libérer d’abord le système : effectuer un CNC Reset, acquitter les erreurs avec MC_Reset ou MC_GrpReset si l’axe est en ErrorStop, puis vérifier que MC_Power autorise les moteurs avec Enable, Enable_Positive et Enable_Negative à TRUE. Basculer ensuite en contrôle manuel, par exemple G200 / HLI_IMCM_MANUAL_MODE valeur 4, et activer l’axe du bras par jog ou manivelle. Si une attente technologique bloque la séquence, vérifier stop_conditions_r : le bit 0x00020000 indique une attente d’acquittement T/M/S/H par le PLC, à traiter via le bloc approprié comme MCV_GrpTFct. Si l’interface est bloquée, utiliser MCV_RmvPlug avec clear_all_plugs. Dégager lentement le bras en jog, éventuellement avec #ECS ON pour sortir selon l’axe outil, et vérifier que l’axe n’est pas clampé ; utiliser la surveillance de clamp si nécessaire. Après retour en position Home, refaire le homing G74 si requis, restaurer les couplages avec #LOAD CONFIG [AX AXLINK] et vérifier visuellement que l’outil déclaré correspond à l’outil réellement en broche. Travailler avec override faible, par exemple 10 %.","Les documents fournis ne contiennent pas d'information pour répondre à cette question.

Les textes disponibles (`mds_axis_parameter_en.pdf` et `mds_clamp_position_offset_en.pdf`) traitent exclusivement de paramètres d'axe (P-AXIS-00296 à P-AXIS-00546), de plages de valeur d'encodeur pour les actionneurs EtherCAT et de configurations d'offset de position de pince. Aucune procédure de réinitialisation manuelle d'un bras de changeur d'outils bloqué n'est mentionnée.

Source : `mds_axis_parameter_en.pdf` (pages 49, 299), `mds_clamp_position_offset_en.pdf` (page 9).","[""The axis parameter overview is sorted into a 4-column table.\n\n P-AXIS-00535 , Activate evaluation of en\u0002 coder position with additional mask. = Select specific manufacturer\u0002 specific procedures for drive controllers. P-AXIS-00536 , antr. = kenngr.. P-AXIS-00536 , use_encoder_submask = device_id. P-AXIS-00536 , Activate evaluation of en\u0002 coder position with additional mask. = Select specific device-spe\u0002 cific procedures for drive controllers. P-AXIS-00537 , antr. = antr.. P-AXIS-00537 , use_encoder_submask = position_lag_drive_dis\u0002 able. P-AXIS-00537 , Activate evaluation of en\u0002 coder position with additional mask. = Disable drive controller on position lag error. P-AXIS-00538 , antr. = kenngr.. P-AXIS-00538 , use_encoder_submask = no_unhome_on_resolu\u0002 tion_change. P-AXIS-00538 , Activate evaluation of en\u0002 coder position with additional mask. = Axis remains referenced after resolution change. P-AXIS-00539 , antr. = kenngr.measure.. P-AXIS-00539 , use_encoder_submask = input_edge_banding. P-AXIS-00539 , Activate evaluation of en\u0002 coder position with additional mask. = Probing input for edge band\u0002 ing. P-AXIS-00540 , antr. = kenngr.. P-AXIS-00540 , use_encoder_submask = indp_feedhold_mode. P-AXIS-00540 , Activate evaluation of en\u0002 coder position with additional mask. = Feedhold mode to select the active feedhold interface. P-AXIS-00541 , antr. = handbetrieb.hb.. P-AXIS-00541 , use_encoder_submask = d_max. P-AXIS-00541 , Activate evaluation of en\u0002 coder position with additional mask. = Maximum delay for manual operation without parallel in\u0002 terpolation. P-AXIS-00542 , antr. = antr.. P-AXIS-00542 , use_encoder_submask = bus_error_drive_disable. P-AXIS-00542 , Activate evaluation of en\u0002 coder position with additional mask. = Disabling drive controller in case of field bus error. P-AXIS-00545 , antr. ="", ""The axis parameter overview is sorted into a 4-column table.\n\nP-AXIS-00528 , antr. = antr.. P-AXIS-00528 , use_encoder_submask = drive_encoder_mod\u0002 ulo_range. P-AXIS-00528 , Activate evaluation of en\u0002 coder position with additional mask. = Drive encoder modulo range. P-AXIS-00529 , antr. = handbetrieb.. P-AXIS-00529 , use_encoder_submask = feedhold_mode. P-AXIS-00529 , Activate evaluation of en\u0002 coder position with additional mask. = Effect of feedhold control signals in manual mode. P-AXIS-00530 , antr. = handbetrieb.jog.. P-AXIS-00530 , use_encoder_submask = rapid_velocity. P-AXIS-00530 , Activate evaluation of en\u0002 coder position with additional mask. = Rapid mode velocity for jog mode. P-AXIS-00531 , antr. = lr_hw[i].. P-AXIS-00531 , use_encoder_submask = move_from_cam_max_di st. P-AXIS-00531 , Activate evaluation of en\u0002 coder position with additional mask. = Maximum distance when moving from the reference cam. P-AXIS-00532 , antr. = getriebe[i].. P-AXIS-00532 , use_encoder_submask = position_settling_time. P-AXIS-00532 , Activate evaluation of en\u0002 coder position with additional mask. = Maximum permissible posi\u0002 tion settling time for exact stop window. P-AXIS-00533 , antr. = kenngr.distc.. P-AXIS-00533 , use_encoder_submask = v_weight_down. P-AXIS-00533 , Activate evaluation of en\u0002 coder position with additional mask. = Weighting factor for velocity of lowering movement (spindle with touch probe). P-AXIS-00534 , antr. = kenngr.distc.. P-AXIS-00534 , use_encoder_submask = a_weight_down. P-AXIS-00534 , Activate evaluation of en\u0002 coder position with additional mask. = Weighting factor for acceler\u0002 ation of lowering movement (spindle with touch probe). P-AXIS-00535 , antr. = kenngr.. P-AXIS-00535 , use_encoder_submask = vendor_id."", ""7.11 Encoder value range for EtherCAT drives(P-AXIS-00296)\nP-AXIS-00296, 1 = Encoder value range for EtherCAT drives. P-AXIS-00296, 2 = Encoder value range for EtherCAT drives. Description, 1 = By default EtherCAT drives deliver an absolute position as actual position. If an encoder is connected to the drive which delivers a modulo position, the NC has to handle the en\u0002 coder overflow. To do this the encoder range (number of different positions delivered by the encoder) of the encoder has to be set up in this parameter. If this parameter is not used, an encoder with 32 bit resolution is expected (default).. Description, 2 = By default EtherCAT drives deliver an absolute position as actual position. If an encoder is connected to the drive which delivers a modulo position, the NC has to handle the en\u0002 coder overflow. To do this the encoder range (number of different positions delivered by the encoder) of the encoder has to be set up in this parameter. If this parameter is not used, an encoder with 32 bit resolution is expected (default).. Parameter, 1 = lr_hw[i].encoder_range. Parameter, 2 = lr_hw[i].encoder_range. Data type, 1 = UNS32. Data type, 2 = UNS32. Data range, 1 = 512 … MAX(SGN32). Data range, 2 = 512 … MAX(SGN32). Axis types, 1 = T, R, S. Axis types, 2 = T, R, S. Dimension, 1 = T: Increments. Dimension, 2 = R,S: Increments. Default value, 1 = 0. Default value, 2 = 0. Drive types, 1 = CANopen. Drive types, 2 = CANopen. Remarks, 1 = This parameter is used only for EtherCAT drives. Example: Encoder with 16 bit resolution The encoder delivers 2 16 = 65536 different positions (0… 65535), so the parameter en\u0002 coder_range has to be set to 65536. This parameter only has an effect, if for P-AXIS-00122 (mode_act_pos) the value 2 (mod\u0002. Remarks, 2 = This parameter is used only for EtherCAT drives. Example: Encoder with 16 bit resolution The encoder delivers 2 16 = 65536 different positions (0… 65535), so the parameter en\u0002 coder_range has to be set to 65536. This parameter only has an effect, if for P-AXIS-00122 (mode_act_pos) the value 2 (mod\u0002"", ""The axis parameter overview is sorted into a 4-column table.\n handbetrieb.hb.. P-AXIS-00545 , use_encoder_submask = a_max_red. P-AXIS-00545 , Activate evaluation of en\u0002 coder position with additional mask. = Reduced maximum acceler\u0002 ation for manual operation without parallel interpolation. P-AXIS-00546 , antr. = antr.profibus.. P-AXIS-00546 , use_encoder_submask = add_movement_range. P-AXIS-00546 , Activate evaluation of en\u0002 coder position with additional mask. = Mechanical axis motion path beyond the software limit switches (PROFIDRIVE)"", ""Configuration with 3 axes:\n```\n# **************************************************************************** # Clamp position offset data # **************************************************************************** # Important note : Behind the comment character ´#´ # a blank (space) must be added # CAUTION: Clamp position offset is expected in the unit 0.1 ìm. # **************************************************************************** # # ============================================================================ # 1st clamp position offset group # ============================================================================ pzv_grp[0].achse[0].versatz      100000     # Offset by 10 mm pzv_grp[0].achse[1].versatz 200000 # Offset by 20 mm pzv_grp[0].achse[2].versatz 300000 # Offset by 30 mm # # ============================================================================ # 2nd clamp position offset group # ============================================================================ pzv_grp[1].achse[0].versatz      -100000      # Offset by -10 mm pzv_grp[1].achse[1].versatz 200000 # Offset by 20 mm pzv_grp[1].achse[2].versatz 400000 # Offset by 40 mm # # ============================================================================ # 3rd clamp position offset group # ============================================================================ pzv_grp[2].achse[0].versatz 40000 # Offset by 4 mm pzv_grp[2].achse[1].versatz 50000 # Offset by 5 mm pzv_grp[2].achse[2].versatz 60000 # Offset by 6 mm\n```""]","[""96eb4807-c59c-469c-9244-9887650dadd1"", ""09e459fc-cca9-4612-aa14-086a56a994a3"", ""29402973-ae86-4cdf-940b-03b6c0cedc1d"", ""0a7832e8-5e53-40e5-9b25-902588de20c2"", ""08084e43-1e1d-477a-8b8c-d75805e89520""]",32709.88420799995,"{""response"": ""Les documents fournis ne contiennent pas d'information pour répondre à cette question.\n\nLes textes disponibles (`mds_axis_parameter_en.pdf` et `mds_clamp_position_offset_en.pdf`) traitent exclusivement de paramètres d'axe (P-AXIS-00296 à P-AXIS-00546), de plages de valeur d'encodeur pour les actionneurs EtherCAT et de configurations d'offset de position de pince. Aucune procédure de réinitialisation manuelle d'un bras de changeur d'outils bloqué n'est mentionnée.\n\nSource : `mds_axis_parameter_en.pdf` (pages 49, 299), `mds_clamp_position_offset_en.pdf` (page 9)."", ""retrieved_contexts"": [""The axis parameter overview is sorted into a 4-column table.\n\n P-AXIS-00535 , Activate evaluation of en\u0002 coder position with additional mask. = Select specific manufacturer\u0002 specific procedures for drive controllers. P-AXIS-00536 , antr. = kenngr.. P-AXIS-00536 , use_encoder_submask = device_id. P-AXIS-00536 , Activate evaluation of en\u0002 coder position with additional mask. = Select specific device-spe\u0002 cific procedures for drive controllers. P-AXIS-00537 , antr. = antr.. P-AXIS-00537 , use_encoder_submask = position_lag_drive_dis\u0002 able. P-AXIS-00537 , Activate evaluation of en\u0002 coder position with additional mask. = Disable drive controller on position lag error. P-AXIS-00538 , antr. = kenngr.. P-AXIS-00538 , use_encoder_submask = no_unhome_on_resolu\u0002 tion_change. P-AXIS-00538 , Activate evaluation of en\u0002 coder position with additional mask. = Axis remains referenced after resolution change. P-AXIS-00539 , antr. = kenngr.measure.. P-AXIS-00539 , use_encoder_submask = input_edge_banding. P-AXIS-00539 , Activate evaluation of en\u0002 coder position with additional mask. = Probing input for edge band\u0002 ing. P-AXIS-00540 , antr. = kenngr.. P-AXIS-00540 , use_encoder_submask = indp_feedhold_mode. P-AXIS-00540 , Activate evaluation of en\u0002 coder position with additional mask. = Feedhold mode to select the active feedhold interface. P-AXIS-00541 , antr. = handbetrieb.hb.. P-AXIS-00541 , use_encoder_submask = d_max. P-AXIS-00541 , Activate evaluation of en\u0002 coder position with additional mask. = Maximum delay for manual operation without parallel in\u0002 terpolation. P-AXIS-00542 , antr. = antr.. P-AXIS-00542 , use_encoder_submask = bus_error_drive_disable. P-AXIS-00542 , Activate evaluation of en\u0002 coder position with additional mask. = Disabling drive controller in case of field bus error. P-AXIS-00545 , antr. ="", ""The axis parameter overview is sorted into a 4-column table.\n\nP-AXIS-00528 , antr. = antr.. P-AXIS-00528 , use_encoder_submask = drive_encoder_mod\u0002 ulo_range. P-AXIS-00528 , Activate evaluation of en\u0002 coder position with additional mask. = Drive encoder modulo range. P-AXIS-00529 , antr. = handbetrieb.. P-AXIS-00529 , use_encoder_submask = feedhold_mode. P-AXIS-00529 , Activate evaluation of en\u0002 coder position with additional mask. = Effect of feedhold control signals in manual mode. P-AXIS-00530 , antr. = handbetrieb.jog.. P-AXIS-00530 , use_encoder_submask = rapid_velocity. P-AXIS-00530 , Activate evaluation of en\u0002 coder position with additional mask. = Rapid mode velocity for jog mode. P-AXIS-00531 , antr. = lr_hw[i].. P-AXIS-00531 , use_encoder_submask = move_from_cam_max_di st. P-AXIS-00531 , Activate evaluation of en\u0002 coder position with additional mask. = Maximum distance when moving from the reference cam. P-AXIS-00532 , antr. = getriebe[i].. P-AXIS-00532 , use_encoder_submask = position_settling_time. P-AXIS-00532 , Activate evaluation of en\u0002 coder position with additional mask. = Maximum permissible posi\u0002 tion settling time for exact stop window. P-AXIS-00533 , antr. = kenngr.distc.. P-AXIS-00533 , use_encoder_submask = v_weight_down. P-AXIS-00533 , Activate evaluation of en\u0002 coder position with additional mask. = Weighting factor for velocity of lowering movement (spindle with touch probe). P-AXIS-00534 , antr. = kenngr.distc.. P-AXIS-00534 , use_encoder_submask = a_weight_down. P-AXIS-00534 , Activate evaluation of en\u0002 coder position with additional mask. = Weighting factor for acceler\u0002 ation of lowering movement (spindle with touch probe). P-AXIS-00535 , antr. = kenngr.. P-AXIS-00535 , use_encoder_submask = vendor_id."", ""7.11 Encoder value range for EtherCAT drives(P-AXIS-00296)\nP-AXIS-00296, 1 = Encoder value range for EtherCAT drives. P-AXIS-00296, 2 = Encoder value range for EtherCAT drives. Description, 1 = By default EtherCAT drives deliver an absolute position as actual position. If an encoder is connected to the drive which delivers a modulo position, the NC has to handle the en\u0002 coder overflow. To do this the encoder range (number of different positions delivered by the encoder) of the encoder has to be set up in this parameter. If this parameter is not used, an encoder with 32 bit resolution is expected (default).. Description, 2 = By default EtherCAT drives deliver an absolute position as actual position. If an encoder is connected to the drive which delivers a modulo position, the NC has to handle the en\u0002 coder overflow. To do this the encoder range (number of different positions delivered by the encoder) of the encoder has to be set up in this parameter. If this parameter is not used, an encoder with 32 bit resolution is expected (default).. Parameter, 1 = lr_hw[i].encoder_range. Parameter, 2 = lr_hw[i].encoder_range. Data type, 1 = UNS32. Data type, 2 = UNS32. Data range, 1 = 512 … MAX(SGN32). Data range, 2 = 512 … MAX(SGN32). Axis types, 1 = T, R, S. Axis types, 2 = T, R, S. Dimension, 1 = T: Increments. Dimension, 2 = R,S: Increments. Default value, 1 = 0. Default value, 2 = 0. Drive types, 1 = CANopen. Drive types, 2 = CANopen. Remarks, 1 = This parameter is used only for EtherCAT drives. Example: Encoder with 16 bit resolution The encoder delivers 2 16 = 65536 different positions (0… 65535), so the parameter en\u0002 coder_range has to be set to 65536. This parameter only has an effect, if for P-AXIS-00122 (mode_act_pos) the value 2 (mod\u0002. Remarks, 2 = This parameter is used only for EtherCAT drives. Example: Encoder with 16 bit resolution The encoder delivers 2 16 = 65536 different positions (0… 65535), so the parameter en\u0002 coder_range has to be set to 65536. This parameter only has an effect, if for P-AXIS-00122 (mode_act_pos) the value 2 (mod\u0002"", ""The axis parameter overview is sorted into a 4-column table.\n handbetrieb.hb.. P-AXIS-00545 , use_encoder_submask = a_max_red. P-AXIS-00545 , Activate evaluation of en\u0002 coder position with additional mask. = Reduced maximum acceler\u0002 ation for manual operation without parallel interpolation. P-AXIS-00546 , antr. = antr.profibus.. P-AXIS-00546 , use_encoder_submask = add_movement_range. P-AXIS-00546 , Activate evaluation of en\u0002 coder position with additional mask. = Mechanical axis motion path beyond the software limit switches (PROFIDRIVE)"", ""Configuration with 3 axes:\n```\n# **************************************************************************** # Clamp position offset data # **************************************************************************** # Important note : Behind the comment character ´#´ # a blank (space) must be added # CAUTION: Clamp position offset is expected in the unit 0.1 ìm. # **************************************************************************** # # ============================================================================ # 1st clamp position offset group # ============================================================================ pzv_grp[0].achse[0].versatz      100000     # Offset by 10 mm pzv_grp[0].achse[1].versatz 200000 # Offset by 20 mm pzv_grp[0].achse[2].versatz 300000 # Offset by 30 mm # # ============================================================================ # 2nd clamp position offset group # ============================================================================ pzv_grp[1].achse[0].versatz      -100000      # Offset by -10 mm pzv_grp[1].achse[1].versatz 200000 # Offset by 20 mm pzv_grp[1].achse[2].versatz 400000 # Offset by 40 mm # # ============================================================================ # 3rd clamp position offset group # ============================================================================ pzv_grp[2].achse[0].versatz 40000 # Offset by 4 mm pzv_grp[2].achse[1].versatz 50000 # Offset by 5 mm pzv_grp[2].achse[2].versatz 60000 # Offset by 6 mm\n```""], ""retrieved_context_ids"": [""96eb4807-c59c-469c-9244-9887650dadd1"", ""09e459fc-cca9-4612-aa14-086a56a994a3"", ""29402973-ae86-4cdf-940b-03b6c0cedc1d"", ""0a7832e8-5e53-40e5-9b25-902588de20c2"", ""08084e43-1e1d-477a-8b8c-d75805e89520""], ""retrieved_context_metadata"": [{""filename"": ""mds_axis_parameter_en.pdf"", ""page_no"": 49, ""heading"": [""The axis parameter overview is sorted into a 4-column table.""], ""_id"": ""96eb4807-c59c-469c-9244-9887650dadd1"", ""_collection_name"": ""Manuals""}, {""filename"": ""mds_axis_parameter_en.pdf"", ""page_no"": 49, ""heading"": [""The axis parameter overview is sorted into a 4-column table.""], ""_id"": ""09e459fc-cca9-4612-aa14-086a56a994a3"", ""_collection_name"": ""Manuals""}, {""filename"": ""mds_axis_parameter_en.pdf"", ""page_no"": 299, ""heading"": [""7.11 Encoder value range for EtherCAT drives(P-AXIS-00296)""], ""_id"": ""29402973-ae86-4cdf-940b-03b6c0cedc1d"", ""_collection_name"": ""Manuals""}, {""filename"": ""mds_axis_parameter_en.pdf"", ""page_no"": 49, ""heading"": [""The axis parameter overview is sorted into a 4-column table.""], ""_id"": ""0a7832e8-5e53-40e5-9b25-902588de20c2"", ""_collection_name"": ""Manuals""}, {""filename"": ""mds_clamp_position_offset_en.pdf"", ""page_no"": 9, ""heading"": [""Configuration with 3 axes:""], ""_id"": ""08084e43-1e1d-477a-8b8c-d75805e89520"", ""_collection_name"": ""Manuals""}], ""latency_ms"": 32709.88420799995, ""theme"": null, ""mode"": ""text""}",missing,acceptable,0.75,0.8874999999778125,0.0,0.0,0.010479595862389599,0.10996563573883161,pass
g_0004,golden,troubleshooting,troubleshooting,text,z_axis_motor_overheating,hard,axis_Z;overheating;Kv;torque_offset;friction;clamp;stepper;following_error,provided by colleague; original category=depannage,Le moteur de l'axe Z surchauffe sans effort apparent. Pourquoi ?,"Sur un axe Z vertical, le moteur peut chauffer au repos car il compense la gravité ou une force que la commande croit nécessaire. Causes principales : micro-oscillations invisibles dues à un gain de boucle Kv trop élevé, notamment P-AXIS-00099, à des filtres mal réglés ou à un capteur de hauteur bruité ; erreur de compensation de poids ou de frottement avec torque offset P-AXIS-00324 trop élevé, compensation de frottement excessive comme P-COMP-00047, ou feedforward calculé avec une charge/inertie trop grande ; conflit moteur contre frein ou clamp, asservissement actif contre frein mécanique, mode tracking mal géré, ou poussée résiduelle contre une butée fixe ; pour un moteur pas à pas, courant nominal maintenu à l’arrêt si la réduction de courant P-AXIS-00481 n’est pas activée. Diagnostiquer avec HLI_DIM_LOAD, D_FollowingError, un test power off contrôlé et un cycle de mesure de friction. Si le problème apparaît soudainement, suspecter d’abord une cause mécanique ou un capteur défaillant.","The provided context does not contain information about why the Z-axis motor would overheat without apparent load. The documents retrieved describe CNC channel parameters for interpolation points, orientation angle modes, and G91 response, but do not include troubleshooting information for motor overheating.","[""2.30.3.7.3 Interpolation point on the axis (P-CHAN-00293)\nDescription, Interpolation point on the axis (Universal Kinematics) = Parameter defines an interpolation point on the axis (position X, Y, Z, only relevant for rotary axes).. Parameter, Interpolation point on the axis (Universal Kinematics) = trafo[j].axis[k].point[l] where l = 0, 1, 2 or kin_step[i].trafo[j].axis[k].point[l]. Parameter, Interpolation point on the axis (Universal Kinematics) = or kinematik[91].axis[k].point[l]. Data type, Interpolation point on the axis (Universal Kinematics) = REAL64. Data range, Interpolation point on the axis (Universal Kinematics) = ----. Dimension, Interpolation point on the axis (Universal Kinematics) = 0.1µm. Default value, Interpolation point on the axis (Universal Kinematics) = 0. Remarks, Interpolation point on the axis (Universal Kinematics) ="", ""2.30.4 Orientation angle mode (P-CHAN-00112)\n\nDescription, Mode of orientation angle programming for kinematic transformations = With a complete transformation, orientation about the coordinate system axes can be pro\u0002 grammed either by using an orientation vector with the three components U, V, W or by using three rotation angles A, B, C depending on the transformation type. Due to the additional degree of freedom provided by manual orientation, programming the rotation angles A, B, C is often the property of robot structures. The sequence of the three rotations about the assigned rotary axes X, Y, Z leads to the required target orientation or to the target effector coordinate system. If not otherwise defined, single rotations are executed in a mathematically positive direction about the co\u0002 ordinate system axes which are to be reset. The starting point is an axis sequence with the Cartesian axes X, Y, Z and the rotary axes A, B, C. The default assignment of rotations about the coordinate system axes is A -> X, B -> Y, C -> Z. This may deviate with special angle modes. Some kinematics use special sequences of rotation which are not listed here. In this case, a switchover using P-CHAN-00112 is not possible. P-CHAN-00112 has no measuring with standard five-axis kinematics. Special values can be entered in P-CHAN-00112 for Universal Kinematics (KIN-ID91).. Parameter, Mode of orientation angle programming for kinematic transformations = ori_rotation_angle. Data type, Mode of orientation angle programming for kinematic transformations = SGN16. Data range Dimension, Mode of orientation angle programming for kinematic transformations = -1: Programmed orientation axes are forwarded to kinematic transformation without any changes. Any Cartesian transformation which may be active with an active rotation has no influence on these orientation axes Complete kinematics transformations: 0: YPR (Yaw Pitch Role) sequence of rotation: 1st rotation about Z (C), 2nd negative rota\u0002 tion about Y´ (B), 3rd rotation about X´´ (A) (default) 1: Euler, order of rotation: 1. rotation about Z (C), 2nd rotation about Y´ (B), 3. rotation about Z´´ (C) 2: CBA, similar to YPR with positive B rotation and different axis assignment. Rotation about Z (A), 2nd rotation about Y´ (B), 3rd rotation about X´´ (C). -> A15 B-90 C20 (CBA) is identical to A20 B90 C15 (YPR). Universal kinematic transformations (KIN-ID 91): 10: Point-vector programming. Tool orientation is programmed by the axes U, V, W. The vector [U, V, W] need not be normalised but neither may it be the zero vector. 11: Free programming. Not currently supported. 12: Direct programming. The configured kinematic chain is used to calculate the tool posi\u0002 tion and orientation from programmed Cartesian coordinates and angles. 13: Conformal programming. Same as direct programming but without any axis offsets, shifts or direction flags. For example, enables the programming of 45° axis positions. 14: AB programming. 15: BA programming."", ""Response of G91 with orientation axes (P-CHAN-00332)\nDescription, Response of G91 with orientation axes for complete transformation = For a kinematic sequence with complete transformation (e.g. robot transformations with kinematic ID 45 or 71), this parameter can be used to set the behaviour of G91 for pro\u0002 gramming orientation axes. For these kinematic sequences, orientation axes are specially handled according to the concatenation of manual systems and the calculation of absolute angles. In the default setting, a relatively programmed orientation angle is always executed first in the concatenation sequence (rotation about the corresponding Cartesian main axis). If several axes are programmed relatively, a rotation matrix is defined with the relative rota\u0002 tion angles on the basis of the agreed rotation sequence (A(Z) -> B(Y) -> C(X)). Programming example: N010 G90 G00 A0 B180 C0 N020 G91 G00 C45 (1st figure) N030 G91 G00 B90 (2nd figure). Parameter, Response of G91 with orientation axes for complete transformation = ori_prog. Data type, Response of G91 with orientation axes for complete transformation = UNS16. Data range, Response of G91 with orientation axes for complete transformation = 0: G91 acts in the stationary Cartesian coordinate system (default) 1: G91 acts in the concatenated coordinate system (possibly rotated previously). Dimension, Response of G91 with orientation axes for complete transformation = ----. Default value, Response of G91 with orientation axes for complete transformation = 0. Remarks, Response of G91 with orientation axes for complete transformation = Axis identifiers of a Cartesian coordinate system: X, Y, Z: main axes A, B, C: orientation axes"", ""2.17 Configuration of effector coordinate system (ECS)\nWhen an effector coordinate system (ECS) is defined, the Z (effector) axis is first determined based on tool orientation. The positions of the X and Y effector axes are based on the following parameter settings. Please note that the ECS system is defined so that the Z component of the direction vector of the resulting third axis always points in a positive Z direction of the Cartesian machine coordinate system."", ""The channel parameter overview is sorted into a 4-column table.\n\nP-CHAN-00290 , kinematik[91].* or kin_step[i].trafo[j].* or trafo[j].* = kinematik[91].* or kin_step[i].trafo[j].* or trafo[j].*. P-CHAN-00290 , number_of_axes = chain[k]. P-CHAN-00290 , Number of axes (Universal Kinematics) = Axis sequence (Universal Kin\u0002 ematics). P-CHAN-00291 , kinematik[91].* or kin_step[i].trafo[j].* or trafo[j].* = kinematik[91].axis[k].* or kin_step[i].trafo[j].axis[k ].* or trafo[j].axis[k].*. P-CHAN-00291 , number_of_axes = type. P-CHAN-00291 , Number of axes (Universal Kinematics) = Axis type (universal kinemat\u0002 ics). P-CHAN-00292 , kinematik[91].* or kin_step[i].trafo[j].* or trafo[j].* = kinematik[91].axis[k].* or kin_step[i].trafo[j].axis[k ].* or trafo[j].axis[k].*. P-CHAN-00292 , number_of_axes = orientation[l]. P-CHAN-00292 , Number of axes (Universal Kinematics) = Axis orientation (Universal Kinematics). P-CHAN-00293 , kinematik[91].* or kin_step[i].trafo[j].* or trafo[j].* = kinematik[91].axis[k].* or kin_step[i].trafo[j].axis[k ].* or trafo[j].axis[k].*. P-CHAN-00293 , number_of_axes = point[l]. P-CHAN-00293 , Number of axes (Universal Kinematics) = Interpolation point on the axis (Universal Kinematics). P-CHAN-00296 , kinematik[91].* or kin_step[i].trafo[j].* or trafo[j].* = . P-CHAN-00296 , number_of_axes = meas_use_std_dynamic. P-CHAN-00296 , Number of axes (Universal Kinematics) = Active dynamic for measure\u0002 ment run. P-CHAN-00297 , kinematik[91].* or kin_step[i].trafo[j].* or trafo[j].* = . P-CHAN-00297 , number_of_axes = mode_exact_stop_indp_axis. P-CHAN-00297 , Number of""]","[""f99c6779-67d1-4dec-8cd4-fd5eae0ab8d0"", ""17dfe48e-39b6-438d-be38-fb006e3f8a22"", ""25eda2d9-b710-4cc7-89cb-c0715ef2decc"", ""f6dfa8da-c179-4cbb-b719-56c0cb1aa8fa"", ""eb2c615c-45be-4665-81a9-8c60c1e0ac76""]",12569.433449000371,"{""response"": ""The provided context does not contain information about why the Z-axis motor would overheat without apparent load. The documents retrieved describe CNC channel parameters for interpolation points, orientation angle modes, and G91 response, but do not include troubleshooting information for motor overheating."", ""retrieved_contexts"": [""2.30.3.7.3 Interpolation point on the axis (P-CHAN-00293)\nDescription, Interpolation point on the axis (Universal Kinematics) = Parameter defines an interpolation point on the axis (position X, Y, Z, only relevant for rotary axes).. Parameter, Interpolation point on the axis (Universal Kinematics) = trafo[j].axis[k].point[l] where l = 0, 1, 2 or kin_step[i].trafo[j].axis[k].point[l]. Parameter, Interpolation point on the axis (Universal Kinematics) = or kinematik[91].axis[k].point[l]. Data type, Interpolation point on the axis (Universal Kinematics) = REAL64. Data range, Interpolation point on the axis (Universal Kinematics) = ----. Dimension, Interpolation point on the axis (Universal Kinematics) = 0.1µm. Default value, Interpolation point on the axis (Universal Kinematics) = 0. Remarks, Interpolation point on the axis (Universal Kinematics) ="", ""2.30.4 Orientation angle mode (P-CHAN-00112)\n\nDescription, Mode of orientation angle programming for kinematic transformations = With a complete transformation, orientation about the coordinate system axes can be pro\u0002 grammed either by using an orientation vector with the three components U, V, W or by using three rotation angles A, B, C depending on the transformation type. Due to the additional degree of freedom provided by manual orientation, programming the rotation angles A, B, C is often the property of robot structures. The sequence of the three rotations about the assigned rotary axes X, Y, Z leads to the required target orientation or to the target effector coordinate system. If not otherwise defined, single rotations are executed in a mathematically positive direction about the co\u0002 ordinate system axes which are to be reset. The starting point is an axis sequence with the Cartesian axes X, Y, Z and the rotary axes A, B, C. The default assignment of rotations about the coordinate system axes is A -> X, B -> Y, C -> Z. This may deviate with special angle modes. Some kinematics use special sequences of rotation which are not listed here. In this case, a switchover using P-CHAN-00112 is not possible. P-CHAN-00112 has no measuring with standard five-axis kinematics. Special values can be entered in P-CHAN-00112 for Universal Kinematics (KIN-ID91).. Parameter, Mode of orientation angle programming for kinematic transformations = ori_rotation_angle. Data type, Mode of orientation angle programming for kinematic transformations = SGN16. Data range Dimension, Mode of orientation angle programming for kinematic transformations = -1: Programmed orientation axes are forwarded to kinematic transformation without any changes. Any Cartesian transformation which may be active with an active rotation has no influence on these orientation axes Complete kinematics transformations: 0: YPR (Yaw Pitch Role) sequence of rotation: 1st rotation about Z (C), 2nd negative rota\u0002 tion about Y´ (B), 3rd rotation about X´´ (A) (default) 1: Euler, order of rotation: 1. rotation about Z (C), 2nd rotation about Y´ (B), 3. rotation about Z´´ (C) 2: CBA, similar to YPR with positive B rotation and different axis assignment. Rotation about Z (A), 2nd rotation about Y´ (B), 3rd rotation about X´´ (C). -> A15 B-90 C20 (CBA) is identical to A20 B90 C15 (YPR). Universal kinematic transformations (KIN-ID 91): 10: Point-vector programming. Tool orientation is programmed by the axes U, V, W. The vector [U, V, W] need not be normalised but neither may it be the zero vector. 11: Free programming. Not currently supported. 12: Direct programming. The configured kinematic chain is used to calculate the tool posi\u0002 tion and orientation from programmed Cartesian coordinates and angles. 13: Conformal programming. Same as direct programming but without any axis offsets, shifts or direction flags. For example, enables the programming of 45° axis positions. 14: AB programming. 15: BA programming."", ""Response of G91 with orientation axes (P-CHAN-00332)\nDescription, Response of G91 with orientation axes for complete transformation = For a kinematic sequence with complete transformation (e.g. robot transformations with kinematic ID 45 or 71), this parameter can be used to set the behaviour of G91 for pro\u0002 gramming orientation axes. For these kinematic sequences, orientation axes are specially handled according to the concatenation of manual systems and the calculation of absolute angles. In the default setting, a relatively programmed orientation angle is always executed first in the concatenation sequence (rotation about the corresponding Cartesian main axis). If several axes are programmed relatively, a rotation matrix is defined with the relative rota\u0002 tion angles on the basis of the agreed rotation sequence (A(Z) -> B(Y) -> C(X)). Programming example: N010 G90 G00 A0 B180 C0 N020 G91 G00 C45 (1st figure) N030 G91 G00 B90 (2nd figure). Parameter, Response of G91 with orientation axes for complete transformation = ori_prog. Data type, Response of G91 with orientation axes for complete transformation = UNS16. Data range, Response of G91 with orientation axes for complete transformation = 0: G91 acts in the stationary Cartesian coordinate system (default) 1: G91 acts in the concatenated coordinate system (possibly rotated previously). Dimension, Response of G91 with orientation axes for complete transformation = ----. Default value, Response of G91 with orientation axes for complete transformation = 0. Remarks, Response of G91 with orientation axes for complete transformation = Axis identifiers of a Cartesian coordinate system: X, Y, Z: main axes A, B, C: orientation axes"", ""2.17 Configuration of effector coordinate system (ECS)\nWhen an effector coordinate system (ECS) is defined, the Z (effector) axis is first determined based on tool orientation. The positions of the X and Y effector axes are based on the following parameter settings. Please note that the ECS system is defined so that the Z component of the direction vector of the resulting third axis always points in a positive Z direction of the Cartesian machine coordinate system."", ""The channel parameter overview is sorted into a 4-column table.\n\nP-CHAN-00290 , kinematik[91].* or kin_step[i].trafo[j].* or trafo[j].* = kinematik[91].* or kin_step[i].trafo[j].* or trafo[j].*. P-CHAN-00290 , number_of_axes = chain[k]. P-CHAN-00290 , Number of axes (Universal Kinematics) = Axis sequence (Universal Kin\u0002 ematics). P-CHAN-00291 , kinematik[91].* or kin_step[i].trafo[j].* or trafo[j].* = kinematik[91].axis[k].* or kin_step[i].trafo[j].axis[k ].* or trafo[j].axis[k].*. P-CHAN-00291 , number_of_axes = type. P-CHAN-00291 , Number of axes (Universal Kinematics) = Axis type (universal kinemat\u0002 ics). P-CHAN-00292 , kinematik[91].* or kin_step[i].trafo[j].* or trafo[j].* = kinematik[91].axis[k].* or kin_step[i].trafo[j].axis[k ].* or trafo[j].axis[k].*. P-CHAN-00292 , number_of_axes = orientation[l]. P-CHAN-00292 , Number of axes (Universal Kinematics) = Axis orientation (Universal Kinematics). P-CHAN-00293 , kinematik[91].* or kin_step[i].trafo[j].* or trafo[j].* = kinematik[91].axis[k].* or kin_step[i].trafo[j].axis[k ].* or trafo[j].axis[k].*. P-CHAN-00293 , number_of_axes = point[l]. P-CHAN-00293 , Number of axes (Universal Kinematics) = Interpolation point on the axis (Universal Kinematics). P-CHAN-00296 , kinematik[91].* or kin_step[i].trafo[j].* or trafo[j].* = . P-CHAN-00296 , number_of_axes = meas_use_std_dynamic. P-CHAN-00296 , Number of axes (Universal Kinematics) = Active dynamic for measure\u0002 ment run. P-CHAN-00297 , kinematik[91].* or kin_step[i].trafo[j].* or trafo[j].* = . P-CHAN-00297 , number_of_axes = mode_exact_stop_indp_axis. P-CHAN-00297 , Number of""], ""retrieved_context_ids"": [""f99c6779-67d1-4dec-8cd4-fd5eae0ab8d0"", ""17dfe48e-39b6-438d-be38-fb006e3f8a22"", ""25eda2d9-b710-4cc7-89cb-c0715ef2decc"", ""f6dfa8da-c179-4cbb-b719-56c0cb1aa8fa"", ""eb2c615c-45be-4665-81a9-8c60c1e0ac76""], ""retrieved_context_metadata"": [{""filename"": ""mds_channel_parameter_en.pdf"", ""page_no"": 173, ""heading"": [""2.30.3.7.3 Interpolation point on the axis (P-CHAN-00293)""], ""_id"": ""f99c6779-67d1-4dec-8cd4-fd5eae0ab8d0"", ""_collection_name"": ""Manuals""}, {""filename"": ""mds_channel_parameter_en.pdf"", ""page_no"": 176, ""heading"": [""2.30.4 Orientation angle mode (P-CHAN-00112)""], ""_id"": ""17dfe48e-39b6-438d-be38-fb006e3f8a22"", ""_collection_name"": ""Manuals""}, {""filename"": ""mds_channel_parameter_en.pdf"", ""page_no"": 301, ""heading"": [""Response of G91 with orientation axes (P-CHAN-00332)""], ""_id"": ""25eda2d9-b710-4cc7-89cb-c0715ef2decc"", ""_collection_name"": ""Manuals""}, {""filename"": ""mds_channel_parameter_en.pdf"", ""page_no"": 117, ""heading"": [""2.17 Configuration of effector coordinate system (ECS)""], ""_id"": ""f6dfa8da-c179-4cbb-b719-56c0cb1aa8fa"", ""_collection_name"": ""Manuals""}, {""filename"": ""mds_channel_parameter_en.pdf"", ""page_no"": 32, ""heading"": [""The channel parameter overview is sorted into a 4-column table.""], ""_id"": ""eb2c615c-45be-4665-81a9-8c60c1e0ac76"", ""_collection_name"": ""Manuals""}], ""latency_ms"": 12569.433449000371, ""theme"": null, ""mode"": ""text""}",missing,unclear,1.0,0.3333333333,1.0,0.0,0.0,0.03619909502262443,pass
g_0005,golden,troubleshooting,troubleshooting,text,perr_70106_life_sign,medium,P-ERR-70106;life_sign;PROFIBUS;PROFINET;P-AXIS-00162;EMI;bus,provided by colleague; original category=depannage,"Code erreur s’affiche P-ERR-70106, que veut-il dire ?","P-ERR-70106 correspond à une erreur de signe de vie, ou Life Sign, liée à la communication avec un variateur/esclave PROFIBUS ou PROFINET. Le variateur envoie un compteur cyclique ; si le noyau NC ne voit pas ce compteur évoluer correctement, il considère que le variateur ou la liaison est instable. Le mécanisme utilise des points de pénalité : une mauvaise réception ajoute 10 points, une bonne réception retire 1 point, et l’erreur est déclenchée lorsque le total dépasse la limite P-AXIS-00162 / s_ls_limit. Vérifier en priorité les câbles réseau, le clipsage, les torsions, le blindage et les parasites EMI proches des câbles moteur. Vérifier aussi l’alimentation 24 V du variateur, la configuration du bus et que P-AXIS-00162 n’est pas trop sensible. Confirmer que le code est bien 70106 et non 20106, qui renverrait plutôt à une erreur de syntaxe programme. Intermittent : suspecter EMI ou connecteur ; permanent : suspecter câble coupé ou adresse bus incorrecte.","L'erreur P-ERR-70106 signifie **""Life sign from PROFIBUS slave missing""** (en français : **« Signe de vie du esclave PROFIBUS manquant » »).

Cette erreur est générée lorsqu'une limite interne (antr.profibus.s_ls_limit) est dépassée en raison d'une différence entre la valeur du compteur envoyée dans le message Profidrive et la valeur attendue par le noyau NC. Elle se produit lorsque le compteur de signe de vie du message PROFIDRIVE n'est pas égal à la valeur attendue pendant un certain nombre de cycles, indiquant ainsi une absence de communication avec le servomoteur PROFIBUS.

**Source :** mds_axis_parameter_en.pdf, page 379 (section 10.4.2 Slave-life sign limit)","[""10.3.10.3 Assigning the input process data to CNC-internal characteristics (PAXIS-00131)\n 2, positive edge = Drive error code. , S-0-0132 = S-0-0390. , Measured value 2, positive edge = Drive error code. , S-0-0132 = S-0-0084. , Measured value 2, positive edge = Torque actual value. , S-0-0132 = S_0_0084. , Measured value 2, positive edge = Torque actual value. Axis types, S-0-0132 = T, R, S. Axis types, Measured value 2, positive edge = T, R, S. Dimension, S-0-0132 = T: ---- R,S: ----. Dimension, Measured value 2, positive edge = T: ---- R,S: ----. Default value, S-0-0132 = *. Default value, Measured value 2, positive edge = *. Drive types, S-0-0132 = SERCOS. Drive types, Measured value 2, positive edge = SERCOS. Remarks, S-0-0132 = This parameter ist used automatically in TwinCAT systems If an unknown string is con\u0002 figured in the parameter, the error message P-ERR-260090 is output and the interpreta\u0002 tion of process data is aborted. With drives whose process data contents are not freely configurable, the error message P-ERR-260090 can be suppressed by setting P\u0002 AXIS-00358 . * Note: The default value of variable is a blank string.. Remarks, Measured value 2, positive edge = This parameter ist used automatically in TwinCAT systems If an unknown string is con\u0002 figured in the parameter, the error message P-ERR-260090 is output and the interpreta\u0002 tion of process data is aborted. With drives whose process data contents are not freely configurable, the error message P-ERR-260090 can be suppressed by setting P\u0002 AXIS-00358 . * Note: The default value of variable is a blank string."", ""Drive type Lightbus/ RT-Ethernet (AX2000)\nTo transmit digital inputs, they must be configured in the cyclic telegram. If they are not configured, an error message with error code P-ERR-70292 is output."", ""10.4.2 Slave-life sign limit (P-AXIS-00162)\nDescription, Slave-life sign limit (PROFIDRIVE) = Limit to monitor the slave life sign. In the Profidrive telegram a life sign is transmitted and this is implemented as a per cycle incremented counter. If the counter value from the tele\u0002 gram is not equal to the value expected from the NC kernel an internal error counter is in\u0002 cremented by 10. Every time the transmitted counter value and the expected value are equal the error counter is decremented by one. If the error counter exceeds s_ls_limit an error message with number @@P-ERR-70106 (Life sign from PROFIBUS slave missing) is given out. (See also Profidrive Profil Antriebstechnik, Chapter 6.3 Nutzdatensicherung).. Description, Slave-life sign limit (PROFIDRIVE) = Limit to monitor the slave life sign. In the Profidrive telegram a life sign is transmitted and this is implemented as a per cycle incremented counter. If the counter value from the tele\u0002 gram is not equal to the value expected from the NC kernel an internal error counter is in\u0002 cremented by 10. Every time the transmitted counter value and the expected value are equal the error counter is decremented by one. If the error counter exceeds s_ls_limit an error message with number @@P-ERR-70106 (Life sign from PROFIBUS slave missing) is given out. (See also Profidrive Profil Antriebstechnik, Chapter 6.3 Nutzdatensicherung).. Parameter, Slave-life sign limit (PROFIDRIVE) = antr.profibus.s_ls_limit. Parameter, Slave-life sign limit (PROFIDRIVE) = antr.profibus.s_ls_limit. Data type, Slave-life sign limit (PROFIDRIVE) = UNS16. Data type, Slave-life sign limit (PROFIDRIVE) = UNS16. Data range, Slave-life sign limit (PROFIDRIVE) = 0 ≤ s_ls_limit ≤ MAX(UNS16). Data range, Slave-life sign limit (PROFIDRIVE) = 0 ≤ s_ls_limit ≤ MAX(UNS16). Axis types, Slave-life sign limit (PROFIDRIVE) = T, R, S. Axis types, Slave-life sign limit (PROFIDRIVE) = T, R, S. Dimension, Slave-life sign limit (PROFIDRIVE) = T: ----. Dimension, Slave-life sign limit (PROFIDRIVE) = R,S: ----. Default value, Slave-life sign limit (PROFIDRIVE) = 40. Default value, Slave-life sign limit (PROFIDRIVE) = 40. Drive types, Slave-life sign limit (PROFIDRIVE) = Profidrive. Drive types, Slave-life sign limit (PROFIDRIVE) = Profidrive. Remarks, Slave-life sign limit (PROFIDRIVE) = . Remarks, Slave-life sign limit (PROFIDRIVE) ="", ""Disabling drive controller in case of bus error (P-AXIS-00542)\n\nDescription, Disabling drive controller in case of field bus error = By default, the CNC-internal error reaction is executed when a bus error occurs (see also @@P-ERR-70021) on CANopen drives in order to bring the axis to a standstill. The con\u0002 trol bits to the drive controller are not changed. By setting this parameter to the value \""ON\"", enable bits are also reset in the control word for CANopen drives in case of a bus error. In this case, drive-internal functionalities are activated and this leads to the fastest possible stop of the axis with subsequent torque cut-off: Drive type: Modifications in control word. Description, Disabling drive controller in case of field bus error = By default, the CNC-internal error reaction is executed when a bus error occurs (see also @@P-ERR-70021) on CANopen drives in order to bring the axis to a standstill. The con\u0002 trol bits to the drive controller are not changed. By setting this parameter to the value \""ON\"", enable bits are also reset in the control word for CANopen drives in case of a bus error. In this case, drive-internal functionalities are activated and this leads to the fastest possible stop of the axis with subsequent torque cut-off: Drive type: Modifications in control word. Parameter, Disabling drive controller in case of field bus error = antr.bus_error_drive_disable. Parameter, Disabling drive controller in case of field bus error = antr.bus_error_drive_disable. Data type, Disabling drive controller in case of field bus error = STRING. Data type, Disabling drive controller in case of field bus error = STRING. Data range, Disabling drive controller in case of field bus error = DEFAULT: Activation of function depends on drive type:  Drive type: Modifications in control word:            CANopen*      OFF *The default value of OFF for CANopen drives is based on the fact, that it is possible here to switch the drive immediately torque-free by setting object 0x605B (Shutdown option code) to 0 in response to the shutdown command. Otherwise the drive would then not brake when a bus error occurs, which is not desired. ON: When a bus error occurs, the control word is changed according to the above table. OFF: If a bus error occurs, the control word is not changed.. Data range, Disabling drive controller in case of field bus error = DEFAULT: Activation of function depends on drive type:  Drive type: Modifications in control word:            CANopen*      OFF *The default value of OFF for CANopen drives is based on the fact, that it is possible here to switch the drive immediately torque-free by setting object 0x605B (Shutdown option code) to 0 in response to the shutdown command. Otherwise the drive would then not brake when a bus error occurs, which is not desired. ON: When a bus error occurs, the control word is changed according to the above table. OFF: If a bus error occurs, the control word is not changed.. Axis types, Disabling drive controller in case of field bus error = T, R, S. Axis types, Disabling drive controller in case of field bus error = T, R, S. Dimension, Disabling drive controller in case of field bus error ="", ""10.1.27 Disabling drive controller for position lag error (P-AXIS-00537)\nDescription, Disabling drive controller for position lag error = By default, the CNC-internal error reaction is executed when a position lag error occurs (see also @@P-ERR-70020 and @@P-ERR-70081) in order to bring the axis to a stand\u0002 still. The control bits to the drive controller are not changed. By setting this parameter to the value \""ON\"", enable bits are reset in the control word for the supported drive types for a position lag error. In this case, drive-internal functionalities are activated and this leads to the fastest possible stop of the axis with subsequent torque cut-off. For the different drive types this are: Drive type:   Modifications in control word: SERCOS         Resetting bit 15 (0x8000) control word CANopen        Resetting bits 0, 3 and 4 (0x0019) in control word (Drive Shutdown) Profidrive         Resetting bit 2 (0x0004) in STW1 Simulation       Parameter is ignored. Parameter, Disabling drive controller for position lag error = antr.position_lag_drive_disable. Data type, Disabling drive controller for position lag error = STRING. Data range, Disabling drive controller for position lag error = DEFAULT:   Activation of function depends on drive type:  Drive type: Modifications in control word:                  SERCOS        ON                  CANopen*      OFF                  Profidrive**     OFF                  Simulation      OFF *The default value of OFF for CANopen drives is based on the fact, that it is possible here to switch the drive immediately torque-free by setting object 0x605B (Shutdown option code) to 0 in response to the shutdown command. Otherwise the drive would then not brake when a tracking error occurs, which is not desired. **For Profidrive drives, the control word 1 must correspond to the Profidrive profile. ON: When a position lag error occurs, the control word is changed according to the above table.. Axis types, Disabling drive controller for position lag error = T, R, S. Dimension, Disabling drive controller for position lag error = T: ---- R,S: ----. Default value, Disabling drive controller for position lag error = DEFAULT. Drive types, Disabling drive controller for position lag error = SERCOS, CANopen, Profidrive, Simulation. Remarks, Disabling drive controller for position lag error = Before using this parameter, it is essential to check with the manufacturer documentation, especially for CANopen and Profidrive drives, whether the above modification of the con\u0002 trol word leads to ramp-down of the drive and a subsequent shutdown of the torque. It makes sense for this parameter to select the same setting as for P-AXIS-00542 which defines the reaction to a bus error.""]","[""b30ec435-4bb2-4845-846e-39005a2e5fa4"", ""8acf6e35-0347-42cb-94f8-e729ead44a21"", ""3cfc64e3-b40b-4267-823f-f4258b51444a"", ""0435f86c-c35d-4e42-afb1-f4647e26d08a"", ""3ffd5372-463c-4cb1-86d0-54a99dcbef10""]",15280.37496700017,"{""response"": ""L'erreur P-ERR-70106 signifie **\""Life sign from PROFIBUS slave missing\""** (en français : **« Signe de vie du esclave PROFIBUS manquant » »).\n\nCette erreur est générée lorsqu'une limite interne (antr.profibus.s_ls_limit) est dépassée en raison d'une différence entre la valeur du compteur envoyée dans le message Profidrive et la valeur attendue par le noyau NC. Elle se produit lorsque le compteur de signe de vie du message PROFIDRIVE n'est pas égal à la valeur attendue pendant un certain nombre de cycles, indiquant ainsi une absence de communication avec le servomoteur PROFIBUS.\n\n**Source :** mds_axis_parameter_en.pdf, page 379 (section 10.4.2 Slave-life sign limit)"", ""retrieved_contexts"": [""10.3.10.3 Assigning the input process data to CNC-internal characteristics (PAXIS-00131)\n 2, positive edge = Drive error code. , S-0-0132 = S-0-0390. , Measured value 2, positive edge = Drive error code. , S-0-0132 = S-0-0084. , Measured value 2, positive edge = Torque actual value. , S-0-0132 = S_0_0084. , Measured value 2, positive edge = Torque actual value. Axis types, S-0-0132 = T, R, S. Axis types, Measured value 2, positive edge = T, R, S. Dimension, S-0-0132 = T: ---- R,S: ----. Dimension, Measured value 2, positive edge = T: ---- R,S: ----. Default value, S-0-0132 = *. Default value, Measured value 2, positive edge = *. Drive types, S-0-0132 = SERCOS. Drive types, Measured value 2, positive edge = SERCOS. Remarks, S-0-0132 = This parameter ist used automatically in TwinCAT systems If an unknown string is con\u0002 figured in the parameter, the error message P-ERR-260090 is output and the interpreta\u0002 tion of process data is aborted. With drives whose process data contents are not freely configurable, the error message P-ERR-260090 can be suppressed by setting P\u0002 AXIS-00358 . * Note: The default value of variable is a blank string.. Remarks, Measured value 2, positive edge = This parameter ist used automatically in TwinCAT systems If an unknown string is con\u0002 figured in the parameter, the error message P-ERR-260090 is output and the interpreta\u0002 tion of process data is aborted. With drives whose process data contents are not freely configurable, the error message P-ERR-260090 can be suppressed by setting P\u0002 AXIS-00358 . * Note: The default value of variable is a blank string."", ""Drive type Lightbus/ RT-Ethernet (AX2000)\nTo transmit digital inputs, they must be configured in the cyclic telegram. If they are not configured, an error message with error code P-ERR-70292 is output."", ""10.4.2 Slave-life sign limit (P-AXIS-00162)\nDescription, Slave-life sign limit (PROFIDRIVE) = Limit to monitor the slave life sign. In the Profidrive telegram a life sign is transmitted and this is implemented as a per cycle incremented counter. If the counter value from the tele\u0002 gram is not equal to the value expected from the NC kernel an internal error counter is in\u0002 cremented by 10. Every time the transmitted counter value and the expected value are equal the error counter is decremented by one. If the error counter exceeds s_ls_limit an error message with number @@P-ERR-70106 (Life sign from PROFIBUS slave missing) is given out. (See also Profidrive Profil Antriebstechnik, Chapter 6.3 Nutzdatensicherung).. Description, Slave-life sign limit (PROFIDRIVE) = Limit to monitor the slave life sign. In the Profidrive telegram a life sign is transmitted and this is implemented as a per cycle incremented counter. If the counter value from the tele\u0002 gram is not equal to the value expected from the NC kernel an internal error counter is in\u0002 cremented by 10. Every time the transmitted counter value and the expected value are equal the error counter is decremented by one. If the error counter exceeds s_ls_limit an error message with number @@P-ERR-70106 (Life sign from PROFIBUS slave missing) is given out. (See also Profidrive Profil Antriebstechnik, Chapter 6.3 Nutzdatensicherung).. Parameter, Slave-life sign limit (PROFIDRIVE) = antr.profibus.s_ls_limit. Parameter, Slave-life sign limit (PROFIDRIVE) = antr.profibus.s_ls_limit. Data type, Slave-life sign limit (PROFIDRIVE) = UNS16. Data type, Slave-life sign limit (PROFIDRIVE) = UNS16. Data range, Slave-life sign limit (PROFIDRIVE) = 0 ≤ s_ls_limit ≤ MAX(UNS16). Data range, Slave-life sign limit (PROFIDRIVE) = 0 ≤ s_ls_limit ≤ MAX(UNS16). Axis types, Slave-life sign limit (PROFIDRIVE) = T, R, S. Axis types, Slave-life sign limit (PROFIDRIVE) = T, R, S. Dimension, Slave-life sign limit (PROFIDRIVE) = T: ----. Dimension, Slave-life sign limit (PROFIDRIVE) = R,S: ----. Default value, Slave-life sign limit (PROFIDRIVE) = 40. Default value, Slave-life sign limit (PROFIDRIVE) = 40. Drive types, Slave-life sign limit (PROFIDRIVE) = Profidrive. Drive types, Slave-life sign limit (PROFIDRIVE) = Profidrive. Remarks, Slave-life sign limit (PROFIDRIVE) = . Remarks, Slave-life sign limit (PROFIDRIVE) ="", ""Disabling drive controller in case of bus error (P-AXIS-00542)\n\nDescription, Disabling drive controller in case of field bus error = By default, the CNC-internal error reaction is executed when a bus error occurs (see also @@P-ERR-70021) on CANopen drives in order to bring the axis to a standstill. The con\u0002 trol bits to the drive controller are not changed. By setting this parameter to the value \""ON\"", enable bits are also reset in the control word for CANopen drives in case of a bus error. In this case, drive-internal functionalities are activated and this leads to the fastest possible stop of the axis with subsequent torque cut-off: Drive type: Modifications in control word. Description, Disabling drive controller in case of field bus error = By default, the CNC-internal error reaction is executed when a bus error occurs (see also @@P-ERR-70021) on CANopen drives in order to bring the axis to a standstill. The con\u0002 trol bits to the drive controller are not changed. By setting this parameter to the value \""ON\"", enable bits are also reset in the control word for CANopen drives in case of a bus error. In this case, drive-internal functionalities are activated and this leads to the fastest possible stop of the axis with subsequent torque cut-off: Drive type: Modifications in control word. Parameter, Disabling drive controller in case of field bus error = antr.bus_error_drive_disable. Parameter, Disabling drive controller in case of field bus error = antr.bus_error_drive_disable. Data type, Disabling drive controller in case of field bus error = STRING. Data type, Disabling drive controller in case of field bus error = STRING. Data range, Disabling drive controller in case of field bus error = DEFAULT: Activation of function depends on drive type:  Drive type: Modifications in control word:            CANopen*      OFF *The default value of OFF for CANopen drives is based on the fact, that it is possible here to switch the drive immediately torque-free by setting object 0x605B (Shutdown option code) to 0 in response to the shutdown command. Otherwise the drive would then not brake when a bus error occurs, which is not desired. ON: When a bus error occurs, the control word is changed according to the above table. OFF: If a bus error occurs, the control word is not changed.. Data range, Disabling drive controller in case of field bus error = DEFAULT: Activation of function depends on drive type:  Drive type: Modifications in control word:            CANopen*      OFF *The default value of OFF for CANopen drives is based on the fact, that it is possible here to switch the drive immediately torque-free by setting object 0x605B (Shutdown option code) to 0 in response to the shutdown command. Otherwise the drive would then not brake when a bus error occurs, which is not desired. ON: When a bus error occurs, the control word is changed according to the above table. OFF: If a bus error occurs, the control word is not changed.. Axis types, Disabling drive controller in case of field bus error = T, R, S. Axis types, Disabling drive controller in case of field bus error = T, R, S. Dimension, Disabling drive controller in case of field bus error ="", ""10.1.27 Disabling drive controller for position lag error (P-AXIS-00537)\nDescription, Disabling drive controller for position lag error = By default, the CNC-internal error reaction is executed when a position lag error occurs (see also @@P-ERR-70020 and @@P-ERR-70081) in order to bring the axis to a stand\u0002 still. The control bits to the drive controller are not changed. By setting this parameter to the value \""ON\"", enable bits are reset in the control word for the supported drive types for a position lag error. In this case, drive-internal functionalities are activated and this leads to the fastest possible stop of the axis with subsequent torque cut-off. For the different drive types this are: Drive type:   Modifications in control word: SERCOS         Resetting bit 15 (0x8000) control word CANopen        Resetting bits 0, 3 and 4 (0x0019) in control word (Drive Shutdown) Profidrive         Resetting bit 2 (0x0004) in STW1 Simulation       Parameter is ignored. Parameter, Disabling drive controller for position lag error = antr.position_lag_drive_disable. Data type, Disabling drive controller for position lag error = STRING. Data range, Disabling drive controller for position lag error = DEFAULT:   Activation of function depends on drive type:  Drive type: Modifications in control word:                  SERCOS        ON                  CANopen*      OFF                  Profidrive**     OFF                  Simulation      OFF *The default value of OFF for CANopen drives is based on the fact, that it is possible here to switch the drive immediately torque-free by setting object 0x605B (Shutdown option code) to 0 in response to the shutdown command. Otherwise the drive would then not brake when a tracking error occurs, which is not desired. **For Profidrive drives, the control word 1 must correspond to the Profidrive profile. ON: When a position lag error occurs, the control word is changed according to the above table.. Axis types, Disabling drive controller for position lag error = T, R, S. Dimension, Disabling drive controller for position lag error = T: ---- R,S: ----. Default value, Disabling drive controller for position lag error = DEFAULT. Drive types, Disabling drive controller for position lag error = SERCOS, CANopen, Profidrive, Simulation. Remarks, Disabling drive controller for position lag error = Before using this parameter, it is essential to check with the manufacturer documentation, especially for CANopen and Profidrive drives, whether the above modification of the con\u0002 trol word leads to ramp-down of the drive and a subsequent shutdown of the torque. It makes sense for this parameter to select the same setting as for P-AXIS-00542 which defines the reaction to a bus error.""], ""retrieved_context_ids"": [""b30ec435-4bb2-4845-846e-39005a2e5fa4"", ""8acf6e35-0347-42cb-94f8-e729ead44a21"", ""3cfc64e3-b40b-4267-823f-f4258b51444a"", ""0435f86c-c35d-4e42-afb1-f4647e26d08a"", ""3ffd5372-463c-4cb1-86d0-54a99dcbef10""], ""retrieved_context_metadata"": [{""filename"": ""mds_axis_parameter_en.pdf"", ""page_no"": 368, ""heading"": [""10.3.10.3 Assigning the input process data to CNC-internal characteristics (PAXIS-00131)""], ""_id"": ""b30ec435-4bb2-4845-846e-39005a2e5fa4"", ""_collection_name"": ""Manuals""}, {""filename"": ""mds_axis_parameter_en.pdf"", ""page_no"": 90, ""heading"": [""Drive type Lightbus/ RT-Ethernet (AX2000)""], ""_id"": ""8acf6e35-0347-42cb-94f8-e729ead44a21"", ""_collection_name"": ""Manuals""}, {""filename"": ""mds_axis_parameter_en.pdf"", ""page_no"": 379, ""heading"": [""10.4.2 Slave-life sign limit (P-AXIS-00162)""], ""_id"": ""3cfc64e3-b40b-4267-823f-f4258b51444a"", ""_collection_name"": ""Manuals""}, {""filename"": ""mds_axis_parameter_en.pdf"", ""page_no"": 347, ""heading"": [""Disabling drive controller in case of bus error (P-AXIS-00542)""], ""_id"": ""0435f86c-c35d-4e42-afb1-f4647e26d08a"", ""_collection_name"": ""Manuals""}, {""filename"": ""mds_axis_parameter_en.pdf"", ""page_no"": 346, ""heading"": [""10.1.27 Disabling drive controller for position lag error (P-AXIS-00537)""], ""_id"": ""3ffd5372-463c-4cb1-86d0-54a99dcbef10"", ""_collection_name"": ""Manuals""}], ""latency_ms"": 15280.37496700017, ""theme"": null, ""mode"": ""text""}",partial,acceptable,0.2857142857142857,0.8333333332916666,0.42857142857142855,0.25,0.08690629703080345,0.17687074829931973,pass
